{
  "id" : 718360,
  "name" : "Old-school arena FPS announcer",
  "info" : "A set of voice lines inspired by the announcers of games like Unreal Tournament and Quake III Arena. Pitched down with heavy chorus and EQ for maximum epicness.",
  "src" : "https://freesound.org/people/jkerman/sounds/718360",
  "creator" : "jkerman",
  "samples" : [
    {
      "id" : "GET_READY",
      "name" : "Get Ready!",
      "position" : 0,
      "length" : 2000
    },
    {
      "id" : "3_2_1_FIGHT",
      "name" : "3, 2, 1, Fight!",
      "position" : 2190,
      "length" : 4500
    },
    {
      "id" : "ENEMY_HAS_FLAG",
      "name" : "The enemy has your flag!",
      "position" : 7149,
      "length" : 2280
    },
    {
      "name" : "The enemy has captured your flag!",
      "position" : 9792,
      "length" : 2777
    },

    {
      "name" : "Victory!",
      "position" : 13436,
      "length" : 1793
    },
    {
      "name" : "Defeat!",
      "position" : 16057,
      "length" : 1510
    },
    {
      "name" : "Your team has the enemy flag!",
      "position" : 18347,
      "length" : 2943
    },
    {
      "name" : "Your team has captured the flag!",
      "position" : 22020,
      "length" : 2767
    },
    {
      "name" : "Killstreak!",
      "position" : 29523,
      "length" : 2000
    },
    {
      "name" : "Rampage!,",
      "position" : 32631,
      "length" : 2777
    },
    {
      "name" : "Godlike!",
      "position" : 39627,
      "length" : 2163
    },
    {
      "name" : "Unstoppable!",
      "position" : 42355,
      "length" : 2183
    },
    {
      "id" : "RETALIATION",
      "name" : "Revenge!",
      "position" : 45000,
      "length" : 2000
    },
    {
      "id" : "DOMINATION",
      "name" : "Domination!",
      "position" : 47600,
      "length" : 1700
    },
    {
      "id" : "HUMILIATION",
      "name" : "Humiliated!",
      "position" : 49868,
      "length" : 2300
    },
    {
      "name" : "Epic!",
      "position" : 52900,
      "length" : 1600
    },
    {
      "name" : "Holy shit!",
      "position" : 55000,
      "length" : 2500
    },
    {
      "id" : "FIRST_BLOOD",
      "name" : "First blood!",
      "position" : 58257,
      "length" : 2050
    },
    {
      "id" : "DOUBLE_KILL",
      "name" : "Double kill!",
      "position" : 61200,
      "length" : 2000
    },
    {
      "id" : "TRIPLE_KILL",
      "name" : "Triple kill!",
      "position" : 63700,
      "length" : 2000
    },
    {
      "id" : "QUAD_KILL",
      "name" : "Quad kill!",
      "position" : 66000,
      "length" : 2300
    },
    {
      "id" : "PENTA_KILL",
      "name" : "Penta-crush!",
      "position" : 68700,
      "length" : 2400
    },
    {
      "name" : "Obliterated!",
      "position" : 71700,
      "length" : 2300
    },
    {
      "name" : "Ludicrous gibs!",
      "position" : 74700,
      "length" : 2600
    },
    {
      "name" : "Sudden death!",
      "position" : 78000,
      "length" : 1800
    },
    {
      "name" : "Last man standing!",
      "position" : 80600,
      "length" : 2500
    },
    {
      "name" : "Quickdraw!",
      "position" : 83800,
      "length" : 1800
    },
    {
      "name" : "Flawless!",
      "position" : 86200,
      "length" : 2000
    }
  ]
}