{
  "id" : 718360,
  "name" : "Old-school arena FPS announcer",
  "info" : "A set of voice lines inspired by the announcers of games like Unreal Tournament and Quake III Arena. Pitched down with heavy chorus and EQ for maximum epicness.",
  "src" : "https://freesound.org/people/jkerman/sounds/718360",
  "creator" : "jkerman",
  "samples" : [
    {
      "id" : "GET_READY",
      "name" : "Get Ready!",
      "position" : 0,
      "length" : 1400
    },
    {
      "id" : "VICTORY",
      "name" : "Victory!",
      "position" : 1570,
      "length" : 1750
    },
    {
      "id" : "DEFEAT",
      "name" : "Defeat!",
      "position" : 3500,
      "length" : 1510
    },
    {
      "id" : "KILLSTREAK",
      "name" : "Killstreak!",
      "position" : 5144,
      "length" : 2000
    },
    {
      "id" : "RAMPAGE",
      "name" : "Rampage!",
      "position" : 7216,
      "length" : 2777
    },
    {
      "id" : "GODLIKE",
      "name" : "Godlike!",
      "position" : 9999,
      "length" : 2270
    },
    {
      "id" : "UNSTOPPABLE",
      "name" : "Unstoppable!",
      "position" : 12333,
      "length" : 2200
    },
    {
      "id" : "REVENGE",
      "name" : "Revenge!",
      "position" : 14680,
      "length" : 2300
    },
    {
      "id" : "DOMINATION",
      "name" : "Domination!",
      "position" : 17400,
      "length" : 1800
    },
    {
      "id" : "HUMILIATION",
      "name" : "Humiliated!",
      "position" : 18900,
      "length" : 2500
    },
    {
      "id" : "EPIC",
      "name" : "Epic!",
      "position" : 21570,
      "length" : 1600
    },
    {
      "id" : "HOLY_SHIT",
      "name" : "Holy shit!",
      "position" : 23425,
      "length" : 2600
    },
    {
      "id" : "FIRST_BLOOD",
      "name" : "First blood!",
      "position" : 26376,
      "length" : 2300
    },
    {
      "id" : "DOUBLE_KILL",
      "name" : "Double kill!",
      "position" : 28500,
      "length" : 1600
    },
    {
      "id" : "TRIPLE_KILL",
      "name" : "Triple kill!",
      "position" : 30990,
      "length" : 2000
    },
    {
      "id" : "QUAD_KILL",
      "name" : "Quad kill!",
      "position" : 33300,
      "length" : 2300
    },
    {
      "id" : "PENTA_KILL",
      "name" : "Penta-crush!",
      "position" : 35800,
      "length" : 2500
    },
    {
      "id" : "OBLITERATED",
      "name" : "Obliterated!",
      "position" : 38500,
      "length" : 2400
    },
    {
      "id" : "FLAWWLESS",
      "name" : "Flawless!",
      "position" : 40900,
      "length" : 1700
    }
  ]
}